INSEE_COM;DEP;ARR;CV;EPCI;NATURE_EPCI;ZE2020;UU2020;P19_POP;P13_POP;SUPERF;NAIS1319;DECE1319;P19_MEN;NAISD21;DECESD21;P19_LOG;P19_RP;P19_RSECOCC;P19_LOGVAC;P19_RP_PROP;NBMENFISC19;PIMP19;MED19;TP6019;P19_EMPLT;P19_EMPLT_SAL;P13_EMPLT;P19_POP1564;P19_CHOMEUR1564;P19_ACT1564;ETTOT19;ETAZ19;ETBE19;ETFZ19;ETGU19;ETGZ19;ETOQ19;ETTEF119;ETTEFP1019;Indice de Gini
75056;75;751;75ZZ;200054781;ME;1109;00851;2165423.0;2229621.0;105.4;169516.0;83594.0;1137759.48091081;25810;14628;1389374.63370501;1137759.48091081;131319.818884097;120295.333910097;379745.184877331;1037197.0;73.0;28570.0;15.0;1846113.70598697;1584749.00805818;1804961.09275187;1504084.0297112;135082.991794369;1177662.79231498;176440.0;126.0;4733.0;7516.0;152267.0;26936.0;11798.0;129470.0;28213.0;0.438
