INSEE_COM;typedebien_lite;nb_pieces;loyer_m2_median;nb_log;cle2
29019;a;1;14.129999999999999;132;29019-a-1
29019;a;2;10.75;229;29019-a-2
29019;a;3;8.86;182;29019-a-3
29019;a;4;7.78;113;29019-a-4
29019;a;5;7.205;46;29019-a-5
29019;a;6;4.81;5;29019-a-6
29019;a;9;16.81;1;29019-a-9
29019;m;4;8.760000000000002;8;29019-m-4
29019;m;5;8.72;7;29019-m-5
29019;m;6;7.275;6;29019-m-6
29023;a;2;8.1;1;29023-a-2
